Type,NumOfType,TypeDistDiff
Normal,28,-0.017214286
Fire,15,-0.02167551
Fighting,11,-0.032402041
Water,42,0.011228571
Flying,33,0.017593878
Grass,32,0.009112245
Poison,27,0.028404082
Electric,14,-0.010257143
Ground,25,0.024740816
Psychic,17,-0.038912245
Rock,14,-0.019057143
Ice,18,0.017069388
Bug,29,0.024467347
Dragon,16,-0.002093878
Ghost,18,0.007169388
Dark,14,-0.019057143
Steel,13,-0.019838776
Fairy,11,-0.021402041
