Type,NumOfType,TypeDistDiff
Normal,28,-0.014833333
Fire,15,-0.0204
Fighting,11,-0.031466667
Water,42,0.0148
Flying,33,0.0204
Grass,27,-0.009
Poison,27,0.0307
Electric,14,-0.009066667
Ground,25,0.026866667
Psychic,16,-0.041633333
Rock,14,-0.017866667
Ice,18,0.0186
Bug,29,0.026933333
Dragon,16,-0.000733333
Ghost,14,-0.007966667
Dark,14,-0.017866667
Steel,13,-0.018733333
Fairy,11,-0.020466667
