Type,NumOfType,TypeDistDiff
Normal,28,-0.020828063
Fire,17,-0.015706324
Fighting,14,-0.021964032
Water,43,0.009760474
Flying,33,0.013334783
Grass,28,-0.010828063
Poison,27,0.024919368
Electric,14,-0.012064032
Ground,25,0.021514229
Psychic,19,-0.033201186
Rock,15,-0.016911462
Ice,19,0.018698814
Bug,27,0.012819368
Dragon,17,-0.000206324
Ghost,21,0.016703953
Dark,14,-0.020864032
Steel,21,0.010103953
Fairy,12,-0.01886917
