Type,NumOfType,TypeDistDiff
Normal,28,-0.019050201
Fire,15,-0.022659036
Fighting,11,-0.033123293
Water,42,0.008474699
Flying,33,0.01543012
Grass,32,0.007014056
Poison,27,0.026633735
Electric,14,-0.0111751
Ground,25,0.023101606
Psychic,20,-0.027978715
Rock,14,-0.0199751
Ice,18,0.015889157
Bug,29,0.022565863
Dragon,16,-0.003142972
Ghost,18,0.005989157
Dark,14,-0.0199751
Steel,13,-0.020691165
Fairy,12,-0.018107229
