Type,NumOfType,TypeDistDiff
Normal,28,-0.02126378
Fire,15,-0.023844882
Fighting,14,-0.02218189
Water,43,0.009091339
Flying,33,0.01282126
Grass,31,0.000547244
Poison,27,0.024499213
Electric,14,-0.01228189
Ground,25,0.021125197
Psychic,19,-0.03349685
Rock,15,-0.017144882
Ice,19,0.01840315
Bug,27,0.012399213
Dragon,17,-0.000470866
Ghost,21,0.016377165
Dark,14,-0.02108189
Steel,21,0.009777165
Fairy,12,-0.019055906
