Type,NumOfType,TypeDistDiff
Normal,28,-0.021696078
Fire,15,-0.024076471
Fighting,14,-0.022398039
Water,43,0.008427451
Flying,33,0.012311765
Grass,31,6.86275E-05
Poison,27,0.024082353
Electric,14,-0.012498039
Ground,25,0.020739216
Psychic,19,-0.033790196
Rock,15,-0.017376471
Ice,19,0.018109804
Bug,27,0.011982353
Dragon,17,-0.000733333
Ghost,21,0.016052941
Dark,14,-0.021298039
Steel,21,0.009452941
Fairy,12,-0.019241176
